"Reference","Qty","Value","DNP","Exclude from BOM","Exclude from Board","Footprint","Datasheet"
"BT1","1","Battery","","","","Battery:BatteryHolder_Keystone_1060_1x2032","~"
"C1,C11,C13","3","100 μF","","","","Capacitor_THT:C_Disc_D3.0mm_W1.6mm_P2.50mm",""
"C2,C4,C5,C6","4","25V  4700μF","","","","Capacitor_THT:C_Radial_D18.0mm_H35.5mm_P7.50mm",""
"C3,C12,C14","3","10 μF","","","","Capacitor_THT:C_Disc_D3.0mm_W1.6mm_P2.50mm",""
"C7,C9","2","0.22 μF","","","","Capacitor_THT:C_Disc_D3.0mm_W1.6mm_P2.50mm",""
"C8,C10","2","0.1 μF","","","","Capacitor_THT:C_Disc_D3.0mm_W1.6mm_P2.50mm",""
"D1,D3,D4,D5,D6,D7,D12,D13,D14,D16,D19","11","1N4001","","","","Diode_THT:D_DO-41_SOD81_P10.16mm_Horizontal","http://www.vishay.com/docs/88503/1n4001.pdf"
"D2,D8,D9,D10","4","1N47xxA","","","","Diode_THT:D_DO-41_SOD81_P10.16mm_Horizontal","https://www.vishay.com/docs/85816/1n4728a.pdf"
"F1","1","Fuse_Small","","","","Fuse:Fuseholder_Cylinder-5x20mm_Schurter_0031_8201_Horizontal_Open","~"
"J1","1","DC","","","","TerminalBlock_Phoenix:TerminalBlock_Phoenix_MKDS-1,5-2-5.08_1x02_P5.08mm_Horizontal","~"
"J2","1","Bateria","","","","TerminalBlock_Phoenix:TerminalBlock_Phoenix_MKDS-1,5-2-5.08_1x02_P5.08mm_Horizontal","~"
"J3","1","Sensor IN","","","","TerminalBlock_Phoenix:TerminalBlock_Phoenix_MKDS-1,5-2-5.08_1x02_P5.08mm_Horizontal","~"
"J4","1","Sensor OUT","","","","TerminalBlock_Phoenix:TerminalBlock_Phoenix_MKDS-1,5-2-5.08_1x02_P5.08mm_Horizontal","~"
"J5","1","Boton A (1)","","","","TerminalBlock_Phoenix:TerminalBlock_Phoenix_MKDS-1,5-2-5.08_1x02_P5.08mm_Horizontal","~"
"J6","1","Boton B (2)","","","","TerminalBlock_Phoenix:TerminalBlock_Phoenix_MKDS-1,5-2-5.08_1x02_P5.08mm_Horizontal","~"
"J7","1","Boton C (3)","","","","TerminalBlock_Phoenix:TerminalBlock_Phoenix_MKDS-1,5-2-5.08_1x02_P5.08mm_Horizontal","~"
"J8","1","Relay 1","","","","TerminalBlock_Phoenix:TerminalBlock_Phoenix_MKDS-1,5-2-5.08_1x02_P5.08mm_Horizontal","~"
"J9","1","Relay 2","","","","TerminalBlock_Phoenix:TerminalBlock_Phoenix_MKDS-1,5-2-5.08_1x02_P5.08mm_Horizontal","~"
"J10","1","Relay 3","","","","TerminalBlock_Phoenix:TerminalBlock_Phoenix_MKDS-1,5-2-5.08_1x02_P5.08mm_Horizontal","~"
"J11","1","Relay 4","","","","TerminalBlock_Phoenix:TerminalBlock_Phoenix_MKDS-1,5-2-5.08_1x02_P5.08mm_Horizontal","~"
"J12","1","Terminal A","","","","TerminalBlock:TerminalBlock_Xinya_XY308-2.54-15P_1x15_P2.54mm_Horizontal","~"
"J13","1","Terminal B","","","","TerminalBlock:TerminalBlock_Xinya_XY308-2.54-15P_1x15_P2.54mm_Horizontal","~"
"J14","1","Boton D (4)","","","","TerminalBlock_Phoenix:TerminalBlock_Phoenix_MKDS-1,5-2-5.08_1x02_P5.08mm_Horizontal","~"
"J15","1","Control remoto","","","","TerminalBlock:TerminalBlock_Xinya_XY308-2.54-7P_1x07_P2.54mm_Horizontal","~"
"K1,K2,K3,K4","4","SANYOU_SRD_Form_C","","","","Relay_THT:Relay_SPDT_SANYOU_SRD_Series_Form_C","http://www.sanyourelay.ca/public/products/pdf/SRD.pdf"
"K5","1","G6K-2P-Y","","","","Relay_THT:Relay_DPDT_Kemet_EC2_NU","https://content.kemet.com/datasheets/KEM_R7002_EC2_EE2.pdf"
"K6","1","G5LE-1-E","","","","Relay_THT:Relay_SPDT_Omron-G5LE-1","http://www.sanyourelay.ca/public/products/pdf/SRD.pdf"
"Q1,Q2,Q3,Q4,Q7","5","2N2222A","","","","Package_TO_SOT_THT:TO-92","~"
"R1,R20,R22,R23","4","330","","","","Resistor_THT:R_Axial_DIN0207_L6.3mm_D2.5mm_P10.16mm_Horizontal","~"
"R2,R15","2","10KΩ","","","","Resistor_THT:R_Axial_DIN0207_L6.3mm_D2.5mm_P10.16mm_Horizontal","~"
"R3,R5,R7,R9,R21","5","50","","","","Resistor_THT:R_Axial_DIN0309_L9.0mm_D3.2mm_P12.70mm_Horizontal","~"
"R4,R6,R8,R10,R11,R12,R13,R14","8","1000","","","","Resistor_THT:R_Axial_DIN0207_L6.3mm_D2.5mm_P10.16mm_Horizontal","~"
"R16,R17,R27,R28","4","500","","","","Resistor_THT:R_Axial_DIN0207_L6.3mm_D2.5mm_P10.16mm_Horizontal","~"
"R18,R26","2","10K","","","","Resistor_THT:R_Axial_DIN0309_L9.0mm_D3.2mm_P12.70mm_Horizontal","~"
"R19","1","330","","","","Resistor_THT:R_Axial_DIN0309_L9.0mm_D3.2mm_P12.70mm_Horizontal","~"
"R24,R25","2","10K","","","","Resistor_THT:R_Axial_DIN0207_L6.3mm_D2.5mm_P10.16mm_Horizontal","~"
"R29","1","10","","","","Resistor_THT:R_Axial_Power_L60.0mm_W14.0mm_P66.04mm","~"
"U1,U2,U3,U4","4","TLP291","","","","Package_SO:SOIC-4_4.55x2.6mm_P1.27mm","https://toshiba.semicon-storage.com/info/docget.jsp?did=12884&prodName=TLP291"
"U5,U7,U8","3","LM7805_TO220","","","","Package_TO_SOT_THT:TO-220-3_Vertical","https://www.onsemi.cn/PowerSolutions/document/MC7800-D.PDF"
"U6,U9,U10","3","LM1117T-3.3","","","","Package_TO_SOT_THT:TO-220-3_Vertical","http://www.ti.com/lit/ds/symlink/lm1117.pdf"
"U12","1","DS1307+","","","","Package_DIP:DIP-8_W7.62mm","https://datasheets.maximintegrated.com/en/ds/DS1307.pdf"
"U13","1","LM311","","","","Package_DIP:DIP-8_W7.62mm","https://www.st.com/resource/en/datasheet/lm311.pdf"
"Y1","1","Crystal","","","","Crystal:Crystal_C26-LF_D2.1mm_L6.5mm_Horizontal","~"
